audit_date,location,volunteer,food_type,weight_kg,meals_served,notes
2026-09-28,Central Campus Canteen,Asha R,Veg Biryani & Curry,45.2,110,Dinner surplus safely packed in warmers
2026-09-28,Hostel 1 Dining Hall,Vikram S,Dal Tadka & Rice,38.0,95,Weighed post 9pm dinner line
2026-09-28,Science Block Cafeteria,Priya M,Sandwiches & Wraps,14.5,40,Fresh evening snack surplus
2026-09-28,Engineering Annex Kitchen,Rohan K,Chapati & Subzi,28.4,70,Sorted and boxed by volunteer team
2026-09-29,Central Campus Canteen,Asha R,Pulao & Paneer Gravy,42.0,105,Lunch surplus weighed at 2:30pm
2026-09-29,Hostel 1 Dining Hall,Vikram S,Mixed Veg & Steamed Rice,35.5,88,Picked up by community food van
2026-09-29,Main Auditorium Event Center,Priya M,Buffet Salad & Rolls,22.1,55,Symposium dinner surplus
2026-09-29,Engineering Annex Kitchen,Rohan K,Idli & Sambar,18.0,45,Morning breakfast surplus audit
2026-09-30,Central Campus Canteen,Asha R,Jeera Rice & Rajma,50.0,125,Full container weigh-in verified
2026-09-30,Hostel 1 Dining Hall,Vikram S,Veg Khichdi,29.8,75,Post dinner service surplus
2026-09-30,Science Block Cafeteria,Priya M,Pastries & Bakery Items,11.2,30,End-of-day bakery surplus
2026-09-30,Main Auditorium Event Center,Rohan K,South Indian Meal Boxes,40.6,100,Cultural fest surplus meals
